place of work : 2011 super output area - middle layer,Place of Work: MSOA11CD,Usual Residence: England and Wales
Camden 001,E02000166,2121
Camden 002,E02000167,2669
Camden 003,E02000168,4443
Camden 004,E02000169,1182
Camden 005,E02000170,1313
Camden 006,E02000171,1342
Camden 007,E02000172,4138
Camden 008,E02000173,9903
Camden 009,E02000174,2134
Camden 010,E02000175,3034
Camden 011,E02000176,1212
Camden 012,E02000177,1606
Camden 013,E02000178,1349
Camden 014,E02000179,798
Camden 015,E02000180,1376
Camden 016,E02000181,479
Camden 017,E02000182,2923
Camden 018,E02000183,6048
Camden 019,E02000184,9126
Camden 020,E02000185,1825
Camden 021,E02000186,23396
Camden 022,E02000187,7324
Camden 023,E02000188,7393
Camden 024,E02000189,4763
Camden 025,E02000190,9567
Camden 026,E02000191,40394
Camden 027,E02000192,30351
Camden 028,E02000193,68113
City of London 001,E02000001,356527
Hackney 001,E02000345,2513
Hackney 002,E02000346,790
Hackney 003,E02000347,1246
Hackney 004,E02000348,833
Hackney 006,E02000350,1029
Hackney 007,E02000351,516
Hackney 008,E02000352,667
Hackney 009,E02000353,1723
Hackney 010,E02000354,1281
Hackney 011,E02000355,907
Hackney 012,E02000356,924
Hackney 013,E02000357,554
Hackney 014,E02000358,2041
Hackney 015,E02000359,511
Hackney 016,E02000360,1162
Hackney 017,E02000361,5454
Hackney 018,E02000362,2076
Hackney 019,E02000363,4118
Hackney 020,E02000364,1794
Hackney 021,E02000365,3471
Hackney 022,E02000366,695
Hackney 023,E02000367,3561
Hackney 024,E02000368,711
Hackney 025,E02000369,3177
Hackney 026,E02000370,3320
Hackney 027,E02000371,33108
Hackney 028,E02006918,728
Hackney 029,E02006921,521
Hammersmith and Fulham 001,E02000372,16466
Hammersmith and Fulham 002,E02000373,745
Hammersmith and Fulham 003,E02000374,317
Hammersmith and Fulham 004,E02000375,13757
Hammersmith and Fulham 005,E02000376,2577
Hammersmith and Fulham 006,E02000377,1115
Hammersmith and Fulham 007,E02000378,2411
Hammersmith and Fulham 008,E02000379,701
Hammersmith and Fulham 009,E02000380,1287
Hammersmith and Fulham 010,E02000381,3549
Hammersmith and Fulham 011,E02000382,3170
Hammersmith and Fulham 012,E02000383,6456
Hammersmith and Fulham 013,E02000384,19993
Hammersmith and Fulham 014,E02000385,1052
Hammersmith and Fulham 015,E02000386,3787
Hammersmith and Fulham 016,E02000387,4517
Hammersmith and Fulham 017,E02000388,2778
Hammersmith and Fulham 018,E02000389,2861
Hammersmith and Fulham 019,E02000390,1385
Hammersmith and Fulham 020,E02000391,3679
Hammersmith and Fulham 021,E02000392,3642
Hammersmith and Fulham 022,E02000393,583
Hammersmith and Fulham 023,E02000394,3915
Hammersmith and Fulham 024,E02000395,3257
Hammersmith and Fulham 025,E02000396,2404
Haringey 001,E02000397,768
Haringey 002,E02000398,2530
Haringey 004,E02000400,1438
Haringey 005,E02000401,548
Haringey 006,E02000402,599
Haringey 007,E02000403,4842
Haringey 008,E02000404,781
Haringey 009,E02000405,777
Haringey 010,E02000406,350
Haringey 011,E02000407,1294
Haringey 012,E02000408,1448
Haringey 013,E02000409,1064
Haringey 014,E02000410,1076
Haringey 015,E02000411,2941
Haringey 016,E02000412,5136
Haringey 017,E02000413,797
Haringey 018,E02000414,482
Haringey 019,E02000415,981
Haringey 020,E02000416,1276
Haringey 021,E02000417,1819
Haringey 022,E02000418,748
Haringey 023,E02000419,1522
Haringey 024,E02000420,792
Haringey 025,E02000421,3110
Haringey 026,E02000422,813
Haringey 027,E02000423,2012
Haringey 028,E02000424,1033
Haringey 029,E02000425,682
Haringey 030,E02000426,1835
Haringey 031,E02000427,851
Haringey 032,E02000428,1416
Haringey 033,E02000429,701
Haringey 034,E02000430,2046
Haringey 035,E02000431,895
Haringey 036,E02000432,485
Haringey 037,E02006794,2546
Islington 001,E02000554,958
Islington 002,E02000555,1359
Islington 003,E02000556,1867
Islington 004,E02000557,5382
Islington 005,E02000558,1779
Islington 006,E02000559,9714
Islington 007,E02000560,3089
Islington 008,E02000561,845
Islington 009,E02000562,1212
Islington 010,E02000563,1670
Islington 011,E02000564,3288
Islington 012,E02000565,1026
Islington 013,E02000566,4059
Islington 014,E02000567,1050
Islington 015,E02000568,5768
Islington 016,E02000569,3254
Islington 017,E02000570,1507
Islington 018,E02000571,1793
Islington 019,E02000572,2489
Islington 020,E02000573,10483
Islington 021,E02000574,13793
Islington 022,E02000575,36998
Islington 023,E02000576,35503
Kensington and Chelsea 001,E02000577,3962
Kensington and Chelsea 002,E02000578,2408
Kensington and Chelsea 003,E02000579,1926
Kensington and Chelsea 004,E02000580,2861
Kensington and Chelsea 005,E02000581,3157
Kensington and Chelsea 006,E02000582,3183
Kensington and Chelsea 007,E02000583,2000
Kensington and Chelsea 008,E02000584,7038
Kensington and Chelsea 009,E02000585,2045
Kensington and Chelsea 010,E02000586,9006
Kensington and Chelsea 011,E02000587,3578
Kensington and Chelsea 012,E02000588,17595
Kensington and Chelsea 013,E02000589,3567
Kensington and Chelsea 014,E02000590,5498
Kensington and Chelsea 015,E02000591,1494
Kensington and Chelsea 016,E02000592,7300
Kensington and Chelsea 017,E02000593,1285
Kensington and Chelsea 018,E02000594,4509
Kensington and Chelsea 019,E02000595,7454
Kensington and Chelsea 020,E02000596,5469
Kensington and Chelsea 021,E02000597,2489
Lambeth 002,E02000619,2294
Lambeth 003,E02000620,7640
Lambeth 004,E02000621,6779
Lambeth 005,E02000622,2557
Lambeth 006,E02000623,550
Lambeth 007,E02000624,719
Lambeth 008,E02000625,1879
Lambeth 009,E02000626,928
Lambeth 010,E02000627,1446
Lambeth 011,E02000628,4361
Lambeth 012,E02000629,1954
Lambeth 013,E02000630,2769
Lambeth 014,E02000631,9638
Lambeth 015,E02000632,1281
Lambeth 016,E02000633,3477
Lambeth 017,E02000634,2228
Lambeth 018,E02000635,1243
Lambeth 019,E02000636,1677
Lambeth 020,E02000637,912
Lambeth 021,E02000638,1789
Lambeth 022,E02000639,342
Lambeth 023,E02000640,1050
Lambeth 024,E02000641,686
Lambeth 025,E02000642,999
Lambeth 026,E02000643,933
Lambeth 027,E02000644,747
Lambeth 028,E02000645,2632
Lambeth 029,E02000646,2098
Lambeth 030,E02000647,634
Lambeth 031,E02000648,808
Lambeth 032,E02000649,2125
Lambeth 033,E02000650,775
Lambeth 034,E02000651,763
Lambeth 035,E02000652,389
Lambeth 036,E02006801,36653
Lewisham 001,E02000653,797
Lewisham 002,E02000654,1680
Lewisham 003,E02000655,2039
Lewisham 005,E02000657,2595
Lewisham 006,E02000658,974
Lewisham 007,E02000659,2483
Lewisham 008,E02000660,1188
Lewisham 009,E02000661,2091
Lewisham 010,E02000662,1095
Lewisham 011,E02000663,499
Lewisham 012,E02000664,8029
Lewisham 013,E02000665,1034
Lewisham 014,E02000666,608
Lewisham 015,E02000667,572
Lewisham 016,E02000668,1286
Lewisham 017,E02000669,1175
Lewisham 018,E02000670,796
Lewisham 019,E02000671,2160
Lewisham 020,E02000672,5488
Lewisham 021,E02000673,1230
Lewisham 022,E02000674,541
Lewisham 023,E02000675,813
Lewisham 024,E02000676,452
Lewisham 025,E02000677,1729
Lewisham 026,E02000678,340
Lewisham 027,E02000679,915
Lewisham 028,E02000680,924
Lewisham 029,E02000681,1293
Lewisham 030,E02000682,955
Lewisham 031,E02000683,504
Lewisham 033,E02000685,780
Lewisham 034,E02000686,1213
Lewisham 035,E02000687,1149
Lewisham 037,E02006783,888
Lewisham 038,E02006784,709
Lewisham 039,E02006798,2430
Newham 001,E02000714,716
Newham 002,E02000715,690
Newham 003,E02000716,572
Newham 004,E02000717,1118
Newham 005,E02000718,606
Newham 006,E02000719,830
Newham 007,E02000720,689
Newham 008,E02000721,2361
Newham 009,E02000722,1377
Newham 010,E02000723,1626
Newham 011,E02000724,565
Newham 012,E02000725,7878
Newham 013,E02000726,6083
Newham 014,E02000727,1101
Newham 015,E02000728,316
Newham 016,E02000729,374
Newham 017,E02000730,1573
Newham 018,E02000731,3092
Newham 019,E02000732,1231
Newham 020,E02000733,1444
Newham 021,E02000734,398
Newham 022,E02000735,1261
Newham 023,E02000736,1357
Newham 024,E02000737,2114
Newham 025,E02000738,598
Newham 026,E02000739,1009
Newham 027,E02000740,1959
Newham 028,E02000741,4838
Newham 029,E02000742,564
Newham 030,E02000743,1962
Newham 031,E02000744,812
Newham 032,E02000745,256
Newham 033,E02000746,6741
Newham 034,E02000747,4751
Newham 035,E02000748,4275
Newham 036,E02000749,1776
Newham 037,E02000750,5066
Southwark 001,E02000807,989
Southwark 002,E02000808,55022
Southwark 003,E02000809,33947
Southwark 004,E02000810,2020
Southwark 006,E02000812,5877
Southwark 007,E02000813,2233
Southwark 008,E02000814,1465
Southwark 009,E02000815,3151
Southwark 010,E02000816,2187
Southwark 011,E02000817,1756
Southwark 012,E02000818,1730
Southwark 013,E02000819,1666
Southwark 014,E02000820,1999
Southwark 015,E02000821,1650
Southwark 016,E02000822,960
Southwark 017,E02000823,1340
Southwark 018,E02000824,2801
Southwark 019,E02000825,898
Southwark 020,E02000826,1543
Southwark 021,E02000827,3127
Southwark 022,E02000828,2126
Southwark 023,E02000829,866
Southwark 024,E02000830,4215
Southwark 025,E02000831,1897
Southwark 026,E02000832,976
Southwark 027,E02000833,850
Southwark 028,E02000834,1432
Southwark 029,E02000835,436
Southwark 030,E02000836,1636
Southwark 031,E02000837,1660
Southwark 032,E02000838,644
Southwark 033,E02000839,1620
Southwark 034,E02006802,12728
Tower Hamlets 001,E02000864,1988
Tower Hamlets 002,E02000865,2411
Tower Hamlets 003,E02000866,1277
Tower Hamlets 004,E02000867,2757
Tower Hamlets 005,E02000868,1862
Tower Hamlets 006,E02000869,1276
Tower Hamlets 007,E02000870,1907
Tower Hamlets 008,E02000871,1751
Tower Hamlets 009,E02000872,1910
Tower Hamlets 010,E02000873,4928
Tower Hamlets 011,E02000874,838
Tower Hamlets 012,E02000875,2371
Tower Hamlets 013,E02000876,2765
Tower Hamlets 014,E02000877,2117
Tower Hamlets 015,E02000878,22769
Tower Hamlets 016,E02000879,1079
Tower Hamlets 017,E02000880,3299
Tower Hamlets 018,E02000881,1052
Tower Hamlets 019,E02000882,1414
Tower Hamlets 020,E02000883,1233
Tower Hamlets 021,E02000884,14112
Tower Hamlets 022,E02000885,1611
Tower Hamlets 023,E02000886,1054
Tower Hamlets 024,E02000887,2526
Tower Hamlets 025,E02000888,1195
Tower Hamlets 026,E02000889,7431
Tower Hamlets 027,E02000890,6451
Tower Hamlets 028,E02000891,13553
Tower Hamlets 030,E02000893,664
Tower Hamlets 031,E02000894,521
Tower Hamlets 032,E02006853,2281
Tower Hamlets 033,E02006854,103552
Wandsworth 001,E02000923,3262
Wandsworth 002,E02000924,10060
Wandsworth 003,E02000925,930
Wandsworth 004,E02000926,3458
Wandsworth 005,E02000927,1232
Wandsworth 006,E02000928,1496
Wandsworth 007,E02000929,382
Wandsworth 008,E02000930,3812
Wandsworth 009,E02000931,812
Wandsworth 010,E02000932,9355
Wandsworth 011,E02000933,2014
Wandsworth 012,E02000934,5394
Wandsworth 013,E02000935,2575
Wandsworth 014,E02000936,1431
Wandsworth 015,E02000937,1147
Wandsworth 016,E02000938,1344
Wandsworth 017,E02000939,1004
Wandsworth 018,E02000940,3848
Wandsworth 019,E02000941,1482
Wandsworth 020,E02000942,1019
Wandsworth 021,E02000943,2677
Wandsworth 022,E02000944,968
Wandsworth 023,E02000945,1274
Wandsworth 024,E02000946,2200
Wandsworth 025,E02000947,1751
Wandsworth 026,E02000948,588
Wandsworth 027,E02000949,4074
Wandsworth 028,E02000950,720
Wandsworth 029,E02000951,868
Wandsworth 030,E02000952,664
Wandsworth 031,E02000953,1470
Wandsworth 032,E02000954,766
Wandsworth 033,E02000955,727
Wandsworth 034,E02000956,9210
Wandsworth 035,E02000957,2642
Wandsworth 036,E02000958,640
Wandsworth 037,E02000959,523
Westminster 001,E02000960,3437
Westminster 002,E02000961,1292
Westminster 003,E02000962,2243
Westminster 004,E02000963,823
Westminster 005,E02000964,1264
Westminster 006,E02000965,1326
Westminster 007,E02000966,1426
Westminster 008,E02000967,13612
Westminster 009,E02000968,4932
Westminster 010,E02000969,2862
Westminster 011,E02000970,48716
Westminster 012,E02000971,14766
Westminster 013,E02000972,129950
Westminster 014,E02000973,2560
Westminster 015,E02000974,16271
Westminster 016,E02000975,10670
Westminster 017,E02000976,4974
Westminster 018,E02000977,153992
Westminster 019,E02000978,23486
Westminster 020,E02000979,86513
Westminster 021,E02000980,10189
Westminster 022,E02000981,3470
Westminster 023,E02000982,18733
Westminster 024,E02000983,1411
Barking and Dagenham 001,E02000002,624
Barking and Dagenham 002,E02000003,2802
Barking and Dagenham 003,E02000004,1015
Barking and Dagenham 004,E02000005,868
Barking and Dagenham 006,E02000007,3063
Barking and Dagenham 007,E02000008,1509
Barking and Dagenham 008,E02000009,465
Barking and Dagenham 009,E02000010,877
Barking and Dagenham 010,E02000011,2230
Barking and Dagenham 011,E02000012,998
Barking and Dagenham 012,E02000013,658
Barking and Dagenham 013,E02000014,1099
Barking and Dagenham 014,E02000015,785
Barking and Dagenham 015,E02000016,6475
Barking and Dagenham 016,E02000017,877
Barking and Dagenham 017,E02000018,518
Barking and Dagenham 018,E02000019,3605
Barking and Dagenham 019,E02000020,4237
Barking and Dagenham 020,E02000021,5404
Barking and Dagenham 021,E02000022,1733
Barking and Dagenham 022,E02000023,2141
Barking and Dagenham 023,E02006799,1656
Barnet 001,E02000024,4439
Barnet 002,E02000025,1008
Barnet 003,E02000026,469
Barnet 004,E02000027,3282
Barnet 005,E02000028,1544
Barnet 006,E02000029,1821
Barnet 007,E02000030,1435
Barnet 008,E02000031,3164
Barnet 009,E02000032,635
Barnet 010,E02000033,3084
Barnet 011,E02000034,1118
Barnet 012,E02000035,1572
Barnet 013,E02000036,876
Barnet 014,E02000037,956
Barnet 015,E02000038,1564
Barnet 016,E02000039,2015
Barnet 017,E02000040,3328
Barnet 018,E02000041,3507
Barnet 019,E02000042,3752
Barnet 020,E02000043,331
Barnet 021,E02000044,885
Barnet 022,E02000045,1382
Barnet 023,E02000046,2215
Barnet 024,E02000047,2205
Barnet 025,E02000048,1089
Barnet 026,E02000049,1963
Barnet 027,E02000050,2042
Barnet 028,E02000051,3779
Barnet 029,E02000052,2243
Barnet 030,E02000053,5361
Barnet 031,E02000054,1438
Barnet 032,E02000055,4457
Barnet 033,E02000056,1500
Barnet 034,E02000057,1188
Barnet 035,E02000058,2325
Barnet 036,E02000059,2771
Barnet 037,E02000060,1603
Barnet 038,E02000061,2620
Barnet 039,E02000062,6941
Barnet 040,E02000063,536
Barnet 041,E02000064,731
Bexley 001,E02000065,2174
Bexley 002,E02000066,907
Bexley 003,E02000067,2542
Bexley 004,E02000068,4395
Bexley 005,E02000069,776
Bexley 006,E02000070,305
Bexley 007,E02000071,1400
Bexley 008,E02000072,2753
Bexley 009,E02000073,635
Bexley 010,E02000074,997
Bexley 011,E02000075,623
Bexley 013,E02000077,711
Bexley 014,E02000078,484
Bexley 015,E02000079,7559
Bexley 016,E02000080,2411
Bexley 017,E02000081,1913
Bexley 018,E02000082,1110
Bexley 019,E02000083,5174
Bexley 020,E02000084,1028
Bexley 021,E02000085,944
Bexley 022,E02000086,807
Bexley 023,E02000087,1391
Bexley 024,E02000088,391
Bexley 025,E02000089,462
Bexley 026,E02000090,5342
Bexley 027,E02000091,3001
Bexley 028,E02000092,4034
Bexley 029,E02006785,291
Brent 001,E02000093,2313
Brent 002,E02000094,2535
Brent 003,E02000095,1834
Brent 004,E02000096,1032
Brent 005,E02000097,1010
Brent 006,E02000098,918
Brent 007,E02000099,1722
Brent 008,E02000100,5638
Brent 009,E02000101,2166
Brent 010,E02000102,897
Brent 011,E02000103,4021
Brent 012,E02000104,1123
Brent 013,E02000105,1090
Brent 014,E02000106,2648
Brent 015,E02000107,1335
Brent 016,E02000108,148
Brent 017,E02000109,7705
Brent 018,E02000110,373
Brent 019,E02000111,2429
Brent 020,E02000112,4179
Brent 021,E02000113,2944
Brent 022,E02000114,1161
Brent 023,E02000115,451
Brent 024,E02000116,2189
Brent 025,E02000117,1817
Brent 026,E02000118,2439
Brent 027,E02000119,11481
Brent 028,E02000120,1580
Brent 029,E02000121,4352
Brent 030,E02000122,937
Brent 031,E02000123,2461
Brent 032,E02000124,3230
Brent 033,E02000125,476
Brent 034,E02000126,1057
Bromley 001,E02000127,745
Bromley 002,E02000128,1158
Bromley 004,E02000130,2685
Bromley 005,E02000131,1069
Bromley 006,E02000132,3365
Bromley 007,E02000133,1580
Bromley 008,E02000134,5368
Bromley 009,E02000135,1531
Bromley 010,E02000136,1289
Bromley 011,E02000137,599
Bromley 012,E02000138,1422
Bromley 013,E02000139,1250
Bromley 014,E02000140,2470
Bromley 015,E02000141,802
Bromley 016,E02000142,3195
Bromley 018,E02000144,13865
Bromley 019,E02000145,2755
Bromley 020,E02000146,2219
Bromley 021,E02000147,435
Bromley 022,E02000148,1378
Bromley 023,E02000149,2575
Bromley 024,E02000150,2256
Bromley 025,E02000151,519
Bromley 026,E02000152,1249
Bromley 027,E02000153,361
Bromley 028,E02000154,4788
Bromley 029,E02000155,518
Bromley 030,E02000156,2529
Bromley 031,E02000157,793
Bromley 032,E02000158,526
Bromley 033,E02000159,2313
Bromley 034,E02000160,1894
Bromley 035,E02000161,732
Bromley 036,E02000162,4030
Bromley 037,E02000163,2039
Bromley 039,E02000165,636
Bromley 040,E02006782,585
Bromley 041,E02006787,1992
Bromley 042,E02006789,2382
Croydon 001,E02000194,1912
Croydon 002,E02000195,778
Croydon 003,E02000196,1102
Croydon 004,E02000197,943
Croydon 005,E02000198,1013
Croydon 006,E02000199,491
Croydon 007,E02000200,1439
Croydon 008,E02000201,1232
Croydon 009,E02000202,685
Croydon 010,E02000203,2130
Croydon 011,E02000204,1171
Croydon 013,E02000206,3056
Croydon 014,E02000207,1158
Croydon 015,E02000208,4104
Croydon 016,E02000209,1676
Croydon 017,E02000210,650
Croydon 018,E02000211,551
Croydon 019,E02000212,3139
Croydon 020,E02000213,6247
Croydon 021,E02000214,787
Croydon 022,E02000215,2659
Croydon 023,E02000216,706
Croydon 024,E02000217,6879
Croydon 025,E02000218,485
Croydon 026,E02000219,1215
Croydon 027,E02000220,15891
Croydon 028,E02000221,4615
Croydon 029,E02000222,2035
Croydon 030,E02000223,376
Croydon 031,E02000224,2104
Croydon 032,E02000225,944
Croydon 033,E02000226,1321
Croydon 034,E02000227,1081
Croydon 035,E02000228,820
Croydon 036,E02000229,1223
Croydon 037,E02000230,3123
Croydon 038,E02000231,1172
Croydon 039,E02000232,642
Croydon 040,E02000233,876
Croydon 041,E02000234,2630
Croydon 042,E02000235,959
Croydon 043,E02000236,765
Croydon 044,E02000237,967
Croydon 045,E02006788,544
Ealing 001,E02000238,2417
Ealing 002,E02000239,659
Ealing 003,E02000240,747
Ealing 004,E02000241,1387
Ealing 005,E02000242,1997
Ealing 006,E02000243,5075
Ealing 007,E02000244,3080
Ealing 008,E02000245,602
Ealing 009,E02000246,539
Ealing 010,E02000247,1061
Ealing 011,E02000248,5155
Ealing 012,E02000249,2233
Ealing 013,E02000250,584
Ealing 014,E02000251,314
Ealing 015,E02000252,16884
Ealing 016,E02000253,493
Ealing 017,E02000254,647
Ealing 018,E02000255,975
Ealing 019,E02000256,5246
Ealing 020,E02000257,6261
Ealing 021,E02000258,347
Ealing 022,E02000259,775
Ealing 023,E02000260,2844
Ealing 024,E02000261,1269
Ealing 025,E02000262,2566
Ealing 026,E02000263,1610
Ealing 027,E02000264,1503
Ealing 028,E02000265,2531
Ealing 029,E02000266,8456
Ealing 030,E02000267,2089
Ealing 031,E02000268,2232
Ealing 032,E02000269,2525
Ealing 033,E02000270,3246
Ealing 034,E02000271,2580
Ealing 035,E02000272,1317
Ealing 037,E02000274,2734
Ealing 038,E02000275,1149
Ealing 039,E02000276,914
Ealing 040,E02006791,688
Enfield 001,E02000277,612
Enfield 002,E02000278,701
Enfield 003,E02000279,2830
Enfield 004,E02000280,2483
Enfield 005,E02000281,1490
Enfield 006,E02000282,1278
Enfield 007,E02000283,1030
Enfield 008,E02000284,2675
Enfield 009,E02000285,3032
Enfield 010,E02000286,5375
Enfield 011,E02000287,2311
Enfield 012,E02000288,6049
Enfield 013,E02000289,522
Enfield 014,E02000290,6440
Enfield 015,E02000291,3921
Enfield 016,E02000292,2711
Enfield 017,E02000293,447
Enfield 018,E02000294,1068
Enfield 019,E02000295,1031
Enfield 020,E02000296,5319
Enfield 021,E02000297,1117
Enfield 022,E02000298,1251
Enfield 023,E02000299,1267
Enfield 024,E02000300,717
Enfield 025,E02000301,1495
Enfield 026,E02000302,962
Enfield 027,E02000303,1472
Enfield 028,E02000304,587
Enfield 029,E02000305,1797
Enfield 030,E02000306,4551
Enfield 031,E02000307,617
Enfield 032,E02000308,1647
Enfield 033,E02000309,3199
Enfield 035,E02000311,1317
Enfield 036,E02000312,1465
Enfield 037,E02006793,3725
Greenwich 001,E02000313,270
Greenwich 002,E02000314,4814
Greenwich 003,E02000315,881
Greenwich 004,E02000316,10363
Greenwich 005,E02000317,710
Greenwich 006,E02000318,1768
Greenwich 007,E02000319,1691
Greenwich 008,E02000320,672
Greenwich 009,E02000321,879
Greenwich 011,E02000323,1787
Greenwich 012,E02000324,1152
Greenwich 014,E02000326,489
Greenwich 015,E02000327,5448
Greenwich 016,E02000328,734
Greenwich 017,E02000329,485
Greenwich 019,E02000331,662
Greenwich 020,E02000332,1065
Greenwich 021,E02000333,1380
Greenwich 022,E02000334,475
Greenwich 023,E02000335,289
Greenwich 025,E02000337,582
Greenwich 027,E02000339,2067
Greenwich 028,E02000340,2941
Greenwich 029,E02000341,758
Greenwich 030,E02000342,1210
Greenwich 031,E02000343,458
Greenwich 032,E02000344,1417
Greenwich 033,E02006786,334
Greenwich 034,E02006927,1898
Greenwich 035,E02006928,1970
Greenwich 036,E02006929,7058
Greenwich 037,E02006930,2276
Greenwich 038,E02006931,4369
Harrow 001,E02000433,3505
Harrow 002,E02000434,1816
Harrow 003,E02000435,772
Harrow 004,E02000436,638
Harrow 005,E02000437,1153
Harrow 006,E02000438,1825
Harrow 007,E02000439,1604
Harrow 008,E02000440,713
Harrow 009,E02000441,587
Harrow 010,E02000442,870
Harrow 011,E02000443,1863
Harrow 012,E02000444,654
Harrow 013,E02000445,2511
Harrow 015,E02000447,609
Harrow 016,E02000448,2283
Harrow 017,E02000449,480
Harrow 019,E02000451,644
Harrow 020,E02000452,5184
Harrow 021,E02000453,1201
Harrow 022,E02000454,471
Harrow 023,E02000455,7689
Harrow 024,E02000456,430
Harrow 025,E02000457,2339
Harrow 027,E02000459,2409
Harrow 028,E02000460,563
Harrow 029,E02000461,2621
Harrow 030,E02000462,835
Harrow 031,E02000463,448
Harrow 032,E02006795,503
Harrow 033,E02006882,2945
Havering 001,E02000464,553
Havering 002,E02000465,856
Havering 003,E02000466,957
Havering 004,E02000467,1688
Havering 005,E02000468,960
Havering 006,E02000469,938
Havering 007,E02000470,5448
Havering 008,E02000471,443
Havering 009,E02000472,1056
Havering 010,E02000473,1730
Havering 011,E02000474,1182
Havering 012,E02000475,1358
Havering 013,E02000476,13708
Havering 014,E02000477,673
Havering 015,E02000478,454
Havering 016,E02000479,4116
Havering 017,E02000480,7867
Havering 018,E02000481,923
Havering 019,E02000482,1082
Havering 020,E02000483,3291
Havering 021,E02000484,916
Havering 022,E02000485,2455
Havering 023,E02000486,1003
Havering 024,E02000487,965
Havering 025,E02000488,1252
Havering 026,E02000489,566
Havering 027,E02000490,600
Havering 028,E02000491,2866
Havering 029,E02000492,2801
Havering 030,E02000493,990
Hillingdon 001,E02000494,2085
Hillingdon 002,E02000495,4128
Hillingdon 003,E02000496,3495
Hillingdon 004,E02000497,1154
Hillingdon 005,E02000498,944
Hillingdon 006,E02000499,1238
Hillingdon 007,E02000500,2721
Hillingdon 008,E02000501,1017
Hillingdon 009,E02000502,1176
Hillingdon 010,E02000503,554
Hillingdon 011,E02000504,1096
Hillingdon 013,E02000506,1592
Hillingdon 014,E02000507,1557
Hillingdon 015,E02000508,12937
Hillingdon 016,E02000509,12470
Hillingdon 017,E02000510,4515
Hillingdon 018,E02000511,2209
Hillingdon 019,E02000512,641
Hillingdon 020,E02000513,1037
Hillingdon 021,E02000514,960
Hillingdon 022,E02000515,3192
Hillingdon 023,E02000516,439
Hillingdon 024,E02000517,913
Hillingdon 025,E02000518,4963
Hillingdon 026,E02000519,2814
Hillingdon 027,E02000520,11683
Hillingdon 028,E02000521,1305
Hillingdon 029,E02000522,1145
Hillingdon 030,E02000523,3048
Hillingdon 031,E02000524,45721
Hillingdon 032,E02000525,4092
Hillingdon 033,E02006796,5226
Hounslow 001,E02000526,4076
Hounslow 003,E02000528,5235
Hounslow 004,E02000529,781
Hounslow 005,E02000530,6063
Hounslow 006,E02000531,7756
Hounslow 007,E02000532,1966
Hounslow 008,E02000533,731
Hounslow 009,E02000534,9295
Hounslow 010,E02000535,493
Hounslow 011,E02000536,2824
Hounslow 012,E02000537,720
Hounslow 013,E02000538,4796
Hounslow 014,E02000539,4713
Hounslow 015,E02000540,2962
Hounslow 016,E02000541,1373
Hounslow 017,E02000542,2872
Hounslow 018,E02000543,5717
Hounslow 019,E02000544,593
Hounslow 020,E02000545,2102
Hounslow 021,E02000546,2140
Hounslow 022,E02000547,6805
Hounslow 023,E02000548,5742
Hounslow 024,E02000549,2308
Hounslow 025,E02000550,1556
Hounslow 026,E02000551,3601
Hounslow 027,E02000552,4219
Hounslow 028,E02000553,393
Hounslow 029,E02006792,13175
Kingston upon Thames 001,E02000598,823
Kingston upon Thames 002,E02000599,2041
Kingston upon Thames 003,E02000600,3924
Kingston upon Thames 004,E02000601,2105
Kingston upon Thames 005,E02000602,4469
Kingston upon Thames 006,E02000603,1004
Kingston upon Thames 007,E02000604,4448
Kingston upon Thames 008,E02000605,1398
Kingston upon Thames 009,E02000606,17304
Kingston upon Thames 010,E02000607,778
Kingston upon Thames 011,E02000608,2712
Kingston upon Thames 012,E02000609,702
Kingston upon Thames 013,E02000610,2035
Kingston upon Thames 014,E02000611,468
Kingston upon Thames 015,E02000612,749
Kingston upon Thames 016,E02000613,1078
Kingston upon Thames 017,E02000614,4672
Kingston upon Thames 018,E02000615,1857
Kingston upon Thames 019,E02000616,1243
Kingston upon Thames 020,E02000617,3095
Merton 001,E02000689,3852
Merton 002,E02000690,2241
Merton 003,E02000691,3902
Merton 004,E02000692,7226
Merton 005,E02000693,2207
Merton 006,E02000694,2008
Merton 007,E02000695,669
Merton 008,E02000696,888
Merton 009,E02000697,6352
Merton 010,E02000698,1133
Merton 011,E02000699,1064
Merton 012,E02000700,2723
Merton 013,E02000701,1028
Merton 014,E02000702,371
Merton 015,E02000703,628
Merton 016,E02000704,2924
Merton 017,E02000705,567
Merton 018,E02000706,1285
Merton 019,E02000707,474
Merton 020,E02000708,2202
Merton 021,E02000709,255
Merton 022,E02000710,5037
Merton 023,E02000711,3183
Merton 024,E02000712,1221
Merton 025,E02000713,1529
Redbridge 001,E02000751,2242
Redbridge 002,E02000752,2684
Redbridge 003,E02000753,153
Redbridge 004,E02000754,476
Redbridge 005,E02000755,878
Redbridge 006,E02000756,2710
Redbridge 007,E02000757,2892
Redbridge 008,E02000758,598
Redbridge 009,E02000759,1598
Redbridge 010,E02000760,913
Redbridge 012,E02000762,413
Redbridge 013,E02000763,1396
Redbridge 014,E02000764,2465
Redbridge 015,E02000765,969
Redbridge 017,E02000767,1928
Redbridge 018,E02000768,416
Redbridge 019,E02000769,1684
Redbridge 020,E02000770,847
Redbridge 022,E02000772,4672
Redbridge 023,E02000773,1602
Redbridge 024,E02000774,722
Redbridge 026,E02000776,1412
Redbridge 027,E02000777,249
Redbridge 029,E02000779,2380
Redbridge 030,E02000780,7082
Redbridge 031,E02000781,1295
Redbridge 032,E02000782,2298
Redbridge 033,E02000783,499
Redbridge 034,E02006800,1646
Redbridge 035,E02006924,1834
Redbridge 036,E02006925,3164
Richmond upon Thames 001,E02000784,1841
Richmond upon Thames 002,E02000785,3449
Richmond upon Thames 003,E02000786,2512
Richmond upon Thames 004,E02000787,2567
Richmond upon Thames 005,E02000788,1951
Richmond upon Thames 006,E02000789,1573
Richmond upon Thames 007,E02000790,1341
Richmond upon Thames 008,E02000791,8446
Richmond upon Thames 009,E02000792,1091
Richmond upon Thames 010,E02000793,1086
Richmond upon Thames 011,E02000794,2192
Richmond upon Thames 012,E02000795,1197
Richmond upon Thames 013,E02000796,917
Richmond upon Thames 014,E02000797,6749
Richmond upon Thames 015,E02000798,1311
Richmond upon Thames 016,E02000799,1577
Richmond upon Thames 017,E02000800,266
Richmond upon Thames 018,E02000801,3325
Richmond upon Thames 019,E02000802,1878
Richmond upon Thames 020,E02000803,1703
Richmond upon Thames 021,E02000804,5036
Richmond upon Thames 022,E02000805,2084
Richmond upon Thames 023,E02000806,3179
Sutton 001,E02000840,671
Sutton 002,E02000841,4138
Sutton 003,E02000842,2137
Sutton 004,E02000843,1962
Sutton 005,E02000844,944
Sutton 006,E02000845,1246
Sutton 007,E02000846,856
Sutton 008,E02000847,1728
Sutton 009,E02000848,1666
Sutton 010,E02000849,904
Sutton 011,E02000850,6372
Sutton 012,E02000851,10739
Sutton 013,E02000852,1153
Sutton 014,E02000853,896
Sutton 015,E02000854,1818
Sutton 016,E02000855,2059
Sutton 017,E02000856,3045
Sutton 018,E02000857,1715
Sutton 019,E02000858,1306
Sutton 020,E02000859,1275
Sutton 021,E02000860,3070
Sutton 022,E02000861,2364
Sutton 024,E02000863,887
Sutton 025,E02006836,879
Waltham Forest 001,E02000895,979
Waltham Forest 002,E02000896,1841
Waltham Forest 003,E02000897,975
Waltham Forest 004,E02000898,708
Waltham Forest 005,E02000899,1560
Waltham Forest 006,E02000900,1920
Waltham Forest 007,E02000901,2604
Waltham Forest 008,E02000902,577
Waltham Forest 009,E02000903,1024
Waltham Forest 010,E02000904,1887
Waltham Forest 011,E02000905,2404
Waltham Forest 012,E02000906,986
Waltham Forest 013,E02000907,1902
Waltham Forest 014,E02000908,3265
Waltham Forest 015,E02000909,1564
Waltham Forest 016,E02000910,2067
Waltham Forest 017,E02000911,3291
Waltham Forest 018,E02000912,877
Waltham Forest 019,E02000913,4861
Waltham Forest 020,E02000914,2044
Waltham Forest 021,E02000915,1217
Waltham Forest 022,E02000916,3989
Waltham Forest 023,E02000917,993
Waltham Forest 024,E02000918,2464
Waltham Forest 025,E02000919,504
Waltham Forest 026,E02000920,3491
Waltham Forest 027,E02000921,1128
Waltham Forest 028,E02000922,826
,,
,,
,,
,"In order to protect against disclosure of personal information, records",
,have been swapped between different geographic areas. Some counts will,
,"be affected, particularly small counts at the lowest geographies",
